"","MaxH","MaxLS","MeanLA","MeanLDMC","MeanLL","MeanSLA","C_N_ratio","taxon","Functional_group"
"1",3.86324968605949,5.53689468261373,-0.237321849917006,1.02795718258974,-0.49517982817987,-0.564200759476389,-0.593804620744609,"Acacia erioloba","1"
"2",1.14765542119741,0.334634935154853,-0.204624914680855,0.903434550805589,-0.0219075253653043,0.763009856067896,-0.974207812597005,"Acacia fleckii","1"
"3",1.77433102078096,1.63391459879797,-0.447863289094808,1.13591372071965,-0.472000726044421,-1.02151600336642,0.0625394448735581,"Acacia haematoxylon","1"
"4",0.976298811936278,2.22250901272403,-0.389982623347302,0.513879982368615,-0.379284317471614,-0.126538928528494,-0.984776320236473,"Acacia hebeclada","1"
"5",5.67636580881296,5.81722592858608,-0.420046151602976,0.759143864131728,-0.283156937409119,0.256080071255277,-0.516968021639249,"Acacia luederitzii","1"
"6",2.41667351035411,6.33053207326893,-0.371664346916493,0.263036216750604,-0.541309896055967,0.514880303707791,-1.15703600066767,"Acacia mellifera","1"
"7",-0.613237734924099,-0.298132396548107,-0.421480707161251,0.412313559909908,-0.501467628921779,-0.539479634060655,1.46996519415361,"Acaena integerrima","2"
"8",-0.438617190248473,-0.275705896870319,-0.449117196324033,1.74592806671915,-0.450604631765544,-1.2785255563341,2.71983487971354,"Acantholimon erinaceum","2"
"9",-0.324053057199604,-0.248046007520429,-0.460656100489567,0.423546060788933,-0.696769938268591,-0.47684253291084,-0.547494903297862,"Acantholippia seriphioides","2"
"10",-0.365178643422275,-0.253500693579243,-0.439754306077226,0.277586463498585,-0.53523055406205,-1.09269685992194,1.46385293765943,"Acanthophyllum glandulosum","2"
"11",-0.463096705857206,-0.302775572564429,-0.11197895827483,0.506160090796987,-0.150691434346716,-0.16630664749723,-0.147957344176576,"Achillea biebersteinii","2"
"12",1.13949558266116,0.141783230344416,-0.221454681504054,0.990045713067855,3.32307905515431,-0.595182202517955,-0.0358843139932616,"Achnatherum splendens","1"
"13",0.290872374891762,-0.290230496300627,-0.328205880000393,1.58891508052684,0.290351415761635,-1.10349754261786,0.569833381348565,"Agropyron trichophorum","2"
"14",-0.629557411996588,-0.303119661458402,-0.388355035295694,-0.994675244374693,-0.504327433704897,0.319637343307732,-0.908284856767653,"Ajuga iva","3"
"15",-0.345595030935289,-0.272208334465697,0.44924915980423,-1.8799245136958,3.04447837767626,-0.25326871543293,-0.591630857953109,"Albuca fleckii","1"
"16",-0.551222962048643,-0.298197166222267,-0.414034489276939,-1.03561306232835,0.43883204124182,-0.0685011497537721,-1.3045364527861,"Allium cupani","3"
"17",-0.0812162623609752,-0.220117324022777,-0.39006397340805,0.706530642489562,4.13693061368486,-0.892561583317946,-0.161719099914684,"Amelichloa ambigua","1"
"18",0.372470760254204,0.0747466175891508,-0.206946901901947,-0.872614738424389,-0.450122272169399,0.361490792954944,-0.0460744170772178,"Anthyllis cytisoides","3"
"19",-0.609973799509602,-0.302779620669064,-0.414594405030756,-0.117916437991533,-0.595609683753365,-0.0894349990052458,-0.882504229780134,"Aptosimum elongatum","3"
"20",-0.360282740300528,-0.287746984107067,-0.383809351625227,0.947762364578865,0.656949111543584,0.922141924836567,0.251952539622607,"Aristida congesta","3"
"21",-0.531639349561657,-0.300423623771506,-0.371793673930502,0.589355717768877,0.360054840978833,-0.313462372417634,0.309484029876668,"Aristida diffusa","2"
"22",-0.0635910111226877,-0.274541661977299,-0.329309593889783,0.241749566737146,2.42378388425747,0.347405006528549,0.473975637372796,"Aristida meridionalis","1"
"23",-0.125279390456694,-0.251630469237883,-0.362397868462428,0.197867514735552,1.01265667132316,1.07701130175113,0.68221932452606,"Aristida stipitata","1"
"24",0.0852444437784072,-0.0671745334403938,-0.443148790603697,-0.30921426619067,-0.453407054983593,0.32690917002733,-0.582390307899485,"Artemisia desertorum","3"
"25",-0.312955676790312,-0.238927516893316,-0.410786598004898,-0.57462456796381,-0.629291920377015,1.84514546469027,-0.851432176286318,"Artemisia herba-alba","3"
"26",-0.130175293578441,-0.254010754763251,-0.398269262822793,0.765995810065196,-0.563003643988842,-0.6118265332479,-0.680965169318634,"Artemisia kopetdaghensis","2"
"27",-0.313771660643936,-0.281939978008188,-0.430914171146985,0.337171223296391,-0.596470178849363,-0.19567114326971,-0.298271528804957,"Artemisia sieberi","2"
"28",0.964059054131912,0.187526812719688,-0.455915858055849,1.23101757451531,-0.604629931577673,-1.06266084684977,1.82285621371162,"Asparagus aphyllus","2"
"29",-0.463096705857206,-0.293512159791384,0.0251390697769636,3.29451066573078,-0.0968806800872834,-1.25989203004491,1.46375434941191,"Asparagus horridus","2"
"30",-0.110591681091454,-0.266994375695843,-0.458089649426355,0.27149192525732,-0.639758508692719,0.589248899182555,-0.844840238891218,"Asparagus recurvispinus","3"
"31",-0.215037614355381,-0.282889933229197,-0.447424499946244,0.135291334121285,-0.551274805789272,-0.279682248370393,0.206098954303859,"Asperula arvensis","2"
"32",-0.606709864095104,-0.296124536649157,-0.0682057298963156,-0.0737051921955943,-0.141489168390184,-0.546306251315024,-0.306092993013077,"Astragalus incanus","2"
"33",-0.609973799509602,-0.299929755006038,0.123348317669035,-0.162166457851023,-0.247496780308667,-0.280902045061282,-0.295882341633794,"Astragalus jolderensis","2"
"34",-0.443513093370219,-0.280838893547474,-0.452568202962184,-0.832186449540917,-0.639913552885169,0.196146386948686,-0.721533428418059,"Astragalus sp.","3"
"35",-0.503662760294534,-0.275079018952559,-0.412106309375538,0.769836158283719,-0.480228663457261,-0.963617432489809,1.01614162908354,"Atractylis serratuloides","2"
"36",-0.288476161181579,-0.0717192055772645,-0.450910802484997,-0.0672897128931211,-0.567254220869984,0.221287537262926,0.0742146041880114,"Baccharis ulicina","3"
"37",1.09380048685819,-0.156837352368773,1.21523437796514,0.395465581637443,0.437798413292154,0.0781346651828741,-0.431060844180517,"Baissea wulfhorstii","1"
"38",0.780462687066416,0.614197041246557,-0.265658207727903,0.57219899126811,-0.583283672918795,-0.330490522637762,0.450000311072802,"Ballota undulata","1"
"39",2.20027459237291,0.518661771861034,1.36580944491676,0.0749398785500743,-0.0791784533402618,0.100006317910417,-0.913225190687962,"Baphia massaiensis","1"
"40",-0.528375414147159,-0.265844713979508,-0.3730011405343,-0.185084719526108,-0.472504619569104,-0.464861381689029,-0.511223703875778,"Barleria macrostegia","2"
"41",1.86408924467965,0.562786112382314,0.810105201263528,0.472216187625815,-0.316413910038243,0.109307866731551,-0.755672105815856,"Bauhinia petersiana","1"
"42",0.180714554652465,-0.15943623554443,-0.288789550029203,-0.11908503611746,-0.486140753567852,0.815429087044679,0.204210458953619,"Berberis hispanica","3"
"43",1.07421687437121,0.164452616300303,-0.256532849785686,-0.00582674452930899,-0.482698773183859,-0.0728668267144538,-0.0122729081634357,"Berberis integerrima","1"
"44",-0.624661508874841,-0.301271027008428,-0.33253253105412,-0.196123133510124,-0.439325169020702,-0.875166771150683,-0.610179816770293,"Blepharis capensis","2"
"45",-0.600181993266109,-0.299103941660502,-0.28223974227716,-0.816698779768562,-0.40083545594294,0.329192706500397,-0.94410172838992,"Blepharis integrifolia","3"
"46",-0.384762255909261,-0.280919855640173,-0.0150541936840345,-1.52956821525207,-0.275714817659945,0.683367290632638,-1.07944226637361,"Blepharis mitrata","3"
"47",-0.198717937282892,-0.264646475007554,-0.455739449846372,0.53828248473057,-0.633401698104641,-0.706267626840746,-0.123397950303365,"Bredemeyera microphylla","2"
"48",-0.627109460435715,-0.301969999742068,-0.251709528472723,-1.99395773669228,-0.07190926743007,0.427255788019111,-1.59872469406618,"Bulb sp1","3"
"49",-0.565910671413883,-0.302212886020167,-0.36997419344502,-2.47745590783132,-0.302537457558252,1.54575107429899,-1.3694159741281,"Bulbine frutescens","3"
"50",0.161946926019103,0.17902579298623,-0.239217390277063,-0.81773531952721,-0.542450208928746,-0.147914486488777,-1.16268538783865,"Capparis spinosa","3"
"51",0.604210174683541,0.500941868505516,-0.429587441237954,0.260076184998412,-0.608129499789736,0.0391162627350953,-0.902411673253229,"Caragana korshinskii","1"
"52",-0.629557411996588,-0.300399335143696,-0.460808290681599,0.351525695997034,-0.639448420400845,0.0274262905625169,-0.353104312236118,"Cardionema ramosissima","2"
"53",-0.41413767463974,-0.288935102817433,-0.329833197342685,0.0732230167976279,0.802152192988907,-1.09115985165046,0.576505326992907,"Carex gayana","2"
"54",-0.443513093370219,-0.294116676750207,0.226787175690377,-0.798575515110752,-0.298506309391792,0.174242743349447,0.593406883497882,"Carlina hispanica","3"
"55",-0.110591681091454,-0.301349290364705,0.0693180424522105,0.233452610391532,-0.0733821869792651,0.704628336877415,0.565359809605302,"Centaurea kotschyi","3"
"56",-0.392106110591881,-0.300634125212525,-0.366465989851788,0.0459061255618993,-0.429286059559636,-0.473042271940615,-0.635576414885638,"Centaurea sp.","2"
"57",-0.341923103593979,-0.283340622211891,-0.362831724467075,1.20703853498955,-0.312385530479868,-0.334482618903547,-0.352232046917646,"Centaurea virgata","2"
"58",-0.22542286340151,-0.258101793841329,-0.397231046742559,1.65337406614476,-0.421005291854055,-0.464699762187378,0.0366601410705137,"Cerasus microcarpa","2"
"59",-0.0224654249000167,-0.294764373491804,-0.333821355344545,1.20101402499645,-0.57851606495448,-0.201136821321514,-0.0834207425446131,"Cerasus pseudoprostrata","2"
"60",-0.521847543318164,-0.295735918604199,-0.425004776422697,-0.165322762995829,-0.542390775369704,0.0260727983251065,-0.353874343026818,"Ceratoides latens","3"
"61",-0.472888512100699,-0.295244748575155,-0.458495166811047,1.30243568784246,-0.643066117511475,-0.471430459111411,0.164335995115359,"Chrysocoma ciliata","2"
"62",0.160314958311854,-0.18000330582655,-0.437279501236052,0.758989964751802,-0.46920993113848,-1.14949509654366,-0.509367094792824,"Chuquiraga erinacea","2"
"63",0.143995281239366,-0.132840188092613,-0.459176842548973,2.22263219654698,-0.664595106777013,-1.15155111128172,1.68104020604647,"Chuquiraga rosulata","2"
"64",-0.397817997567252,-0.26543990351601,-0.124404668876706,1.60898248869987,1.28278909314633,-1.26751099231805,0.776394753568153,"Cirsium bornmuelleri","2"
"65",-0.472888512100699,-0.292821283267014,0.67919663065451,-0.602772369739214,0.145695213137057,1.51246621522792,-0.381306772469364,"Clerodendrum ternatum","3"
"66",1.91631221131161,0.0251978168569982,1.91253179440531,0.507655940775784,0.194379079798564,-0.132885175338967,-0.586595035821904,"Combretum collinum","1"
"67",0.927339780718813,0.461583496507819,-0.216687701867368,0.765064606901126,-0.431999332392608,0.233233322552144,-0.293974277063206,"Combretum engleri","1"
"68",3.81592262254927,0.274561062371753,2.22874655663735,1.0241238326069,0.0920499332474159,-0.436789151822647,-0.12931744734903,"Combretum psidioides","1"
"69",2.54298781089517,1.76588280989831,1.28224575822552,0.573872536275075,-0.00593797675237188,-0.25447982038603,-0.46664661828341,"Combretum zeyheri","1"
"70",-0.228093356013371,-0.244405951832656,1.53353625225453,-1.21949718957781,0.14476494816841,1.11323379586158,-0.411217472663522,"Commelina africana","3"
"71",0.3789986310832,-0.0713413824779997,-0.144401178912661,-0.55988544201926,-0.236643688976779,0.769099139325232,-0.79377987189938,"Commiphora africana","3"
"72",0.545459337222582,0.200102924452358,-0.270713826170533,0.243090282508905,-0.366639604773755,0.184331030785004,-0.304470647277672,"Commiphora angolensis","1"
"73",0.617265916341532,0.825400153735569,-0.458510049490412,0.75352254718349,-0.679548870030908,-0.889741367874685,-0.219078213534036,"Condalia microphylla","1"
"74",-0.296635999717823,-0.290770243585291,-0.43825258144433,-0.568588479673895,-0.508307411623466,0.522067301492765,-0.0944846741580715,"Convolvulus commutatus","3"
"75",-0.574070509950127,-0.283122024561602,-0.371894712922665,0.425819446802479,-0.41587473960273,-0.48253536521383,-1.19084577855,"Coronilla minima","2"
"76",-0.267260580987344,-0.299427790031301,-0.0529994656212412,0.00338834029464426,-0.136175072362924,-0.755861484414847,0.293968913849154,"Cousinia arctotidifolia","2"
"77",-0.41413767463974,-0.279219651693482,2.36000253978424,0.11805810611075,0.309189281376733,0.153315058252191,1.0507886285748,"Cousinia decipiens","1"
"78",-0.54143115580515,-0.283672566791959,0.896241403476264,0.98195948276039,0.805253075907641,-1.30164284456659,0.87902219577676,"Cousinia sp.","2"
"79",0.0950362500219003,-0.291363965598421,1.05273117444989,1.35439589669046,0.302909992838367,-0.617351616382973,-0.531447254434012,"Cousinia stahliana","1"
"80",-0.678516443214053,-0.303443509829201,-0.414192878135224,-2.09409625186507,-0.607819411466854,-0.257583644912348,-0.188405717227449,"Crassula capitella","3"
"81",-0.649141024483574,-0.303152046295482,-0.403455609617172,-1.36519157662573,-0.532002816522139,-1.30681151187028,0.348696239962178,"Crassula deltoidea","3"
"82",-0.594062114363926,-0.301735209673239,-0.46032465912872,0.321294610185304,-0.693496815079225,-0.451862396380563,2.98646611028104,"Crassula muscosa","2"
"83",-0.453304899613712,-0.300812241816464,-0.435208141245682,-0.855160389185793,-0.606346491964172,-1.33813901021773,2.89156775607638,"Crassula subaphylla","2"
"84",0.281080568648269,-0.100839920953097,-0.278054291848225,0.743242289585762,-0.446437266202095,0.933320592152226,0.347318087774312,"Crataegus monogyna","3"
"85",0.653169205901006,-0.10195584846414,1.98250309193227,-0.408841959565421,0.18848740169481,0.992634262447418,-0.88440621588708,"Croton gratissimus","3"
"86",-0.570806574535629,-0.0521209816711157,1.05709684895983,-1.54763429418937,-0.177726907660157,2.20623850171842,-1.52442152203116,"Cucumis africanus","3"
"87",-0.310624294351385,-0.281421820614911,-0.110443609978166,-0.714463582895311,-0.128112775976845,-0.713352373784916,-0.127315168795492,"Cynanchum hancockianum","3"
"88",0.0950362500219003,-0.2748055983995,-0.224367212131558,0.862922139276508,0.854931574338479,-0.671175881646112,2.07427543120923,"Dactylis glomerata","2"
"89",-0.184030227917653,-0.24346679155734,-0.297291773741492,-0.675074258791737,-0.348740617698719,1.45291357065885,0.292515600487865,"Daphne gnidium","3"
"90",0.0950362500219003,-0.0363333735946945,-0.126072868834402,1.22906331780101,-0.720381472673117,-1.4801948464457,3.33960596420105,"Dianthus strictus","2"
"91",-0.525111478732662,-0.288692216539334,0.0069595501429671,-1.41013311003074,-0.346314176572165,1.87808916175199,-0.401360242299858,"Dicoma schinzii","3"
"92",0.0101739292449602,-0.194581879985324,0.43538338342227,-0.931000553374784,2.44628477888814,1.70058920656048,0.0741743140522215,"Digitaria seriata","1"
"93",-0.419033577761487,-0.285380866947921,-0.436075627592053,-1.82622684817908,-0.608362066047402,-0.717318536282845,-0.896141799008234,"Drosanthemum lique","3"
"94",-0.537351236537028,-0.298294320733506,-0.44590380032904,-1.73374147033977,-0.637639571845531,-0.730293706905113,-0.669912126834665,"Drosanthemum praecultum","3"
"95",0.217433828065564,-0.270831978889804,2.79615313440603,0.659256342821924,1.26108291054458,-1.02281621426139,2.68756715679016,"Echinops koelzii","1"
"96",0.00690999383046252,-0.278490992859185,1.56229818066244,0.149408401497524,0.41905357417392,-0.966748115861932,0.454806831586654,"Echinops ritrodes","1"
"97",-0.394554062152754,-0.267075337788542,-0.453171421002026,0.276011182647265,-0.633401698104641,0.631434131115419,0.337168934279166,"Echinospartum boissieri","3"
"98",-0.649141024483574,-0.303095372830592,-0.373440438949144,-1.63866660901011,-0.472000726044421,0.853396295327208,-0.822590702483406,"Echium trygorrhizum","3"
"99",-0.326011418448302,-0.286255257549077,0.79309766858091,0.316222054913544,1.09014672255572,-0.238466928225328,-0.486876421507829,"Elephantorrhiza elephantina","1"
"100",0.317799842061368,-0.258829348647089,0.187231444361393,-0.47819644078065,1.0322222237638,0.264384869213387,-0.785011071128994,"Elymus repens","1"
"101",-0.580598380779123,-0.300604439111868,-0.43081634251849,0.930443972292361,-0.0371461515205906,0.9093713008146,-0.225868235054531,"Enneapogon scaber","3"
"102",-0.208509743526385,-0.065074916503051,-0.297056002312194,1.09137509094836,0.0348773987470067,-1.58892246673132,1.76860219635002,"Ephedra ochreata","2"
"103",0.290872374891762,-0.264646475007554,-0.318952632198108,1.04297712062881,0.0396450067113215,-1.51210671932296,1.65096951262652,"Ephedra triandra","2"
"104",-0.210468104775084,-0.28317384030093,-0.324332313162252,0.347166457589669,0.985210619317528,0.611458296881688,-0.315523711248075,"Eragrostis lehmanniana","1"
"105",-0.463096705857206,-0.295088221862602,-0.32417083161491,0.0456241373181936,1.65179419737623,0.892708838824125,-0.488471841474803,"Eragrostis nindensis","1"
"106",-0.531639349561657,-0.300755568351574,-0.39300390918678,0.994588076348949,0.330817941897771,-0.812122274736068,-0.264564766518114,"Eragrostis obtusa","2"
"107",0.202746118700324,-0.121991267670867,-0.265507455521726,0.41905114346959,2.7541581852227,0.273078892740252,-0.00468796226851955,"Eragrostis pallens","1"
"108",0.23701744055255,-0.18953794161014,-0.184037198515925,0.0959241992859864,1.45236864472257,0.990263838121293,-0.0995892616991571,"Eragrostis rigidior","1"
"109",-0.384762255909261,-0.288404801110251,0.733849539847386,-1.2190511362947,2.95285115421354,-1.35990952678112,0.177594463032908,"Eremurus stenophyllus","1"
"110",-0.458200802735459,-0.270670054704404,-0.459854040622149,0.925380931134879,-0.676647944551575,-0.56949335582761,0.175109848467661,"Eriocephalus ericoides","2"
"111",-0.479416382929694,-0.29692336263046,4.42327810595079,-0.453522633961861,0.181183098840211,-0.533726331233378,0.568271999546903,"Eryngium campestre","1"
"112",-0.0567367467522425,-0.292039999072463,-0.179077564354045,0.0477818082568584,-0.34587230071981,-0.827882985506411,0.905298484044489,"Eryngium caucasicum","2"
"113",-0.443513093370219,-0.288352175749996,-0.423664884996939,0.682291237564101,0.642810859818456,-0.00924196630276748,1.27239407932816,"Festuca pallescens","2"
"114",-0.169342518552413,-0.286765318733084,-0.394911159411086,0.0975896129311575,-0.109042344079717,0.0233760265755419,-0.194911465951909,"Festuca pyrogea","2"
"115",-0.00288181241303056,-0.258169507591587,0.396722583873135,0.782727879353603,1.89360584211363,0.937053206501841,0.574813138409045,"Festuca scariosa","1"
"116",-0.472888512100699,-0.29417604895152,-0.411021983877651,2.14295319281541,0.235672508170398,-0.965572750803516,2.13479006381292,"Festuca valesiaca","2"
"117",0.731503655848951,0.100492563067622,-0.202900577933814,-0.524876828503012,-0.720381472673117,-1.35251437839424,2.22393634162052,"Foeniculum vulgare","2"
"118",-0.443513093370219,-0.264646475007554,-0.460435536094289,1.68609094325907,-0.670767341042963,-1.038731283632,1.44075873933346,"Fumana arabica","2"
"119",-0.644245121361828,-0.303038699365703,-0.453462712714302,0.227444309273772,-0.618362414460355,-0.030981186315302,0.842627459774917,"Fumana ericifolia","2"
"120",-0.609973799509602,-0.297031312087393,-0.442491181763412,-1.20451822246244,-0.633169131862479,4.03844986033761,-0.333335287249734,"Fumana procumbens","3"
"121",-0.446777028784717,-0.287731466372633,-0.453969433843857,0.464886501033123,-0.626528073603748,-1.17112951518517,0.22248173666416,"Galenia fruticosa","2"
"122",-0.267260580987344,-0.294278600935606,-0.453201546631988,-0.564559435564873,-0.581559484258774,0.1806308350445,0.157011353146687,"Galium tenuissimum","3"
"123",-0.0681605207029844,-0.102182542323699,-0.452317254807516,-0.887962310435284,-0.607392335285159,0.476989749547435,-0.46205449829891,"Genista haenseleri","3"
"124",-0.051840843630496,-0.142758044448313,-0.152393651754499,-0.337883561893108,0.621021851090718,-0.688461138738069,-0.0400622556785973,"Genista ramosissima","2"
"125",-0.247676968500358,-0.271204404516222,-0.455080811044076,0.364890487732911,-0.67154256181916,-0.318620991761828,-0.638713560926948,"Genista scorpius","2"
"126",1.29942841797155,-0.12539167556425,-0.309475959216887,0.435910411737977,-0.524909546136208,-0.372938748842939,-0.375969168024186,"Geoffroea decorticans","1"
"127",-0.296635999717823,-0.290133341789387,-0.339469252026597,-0.263980736911337,-0.422386594383258,-0.528404652894334,-0.0930627334140024,"Glandularia parodii","2"
"128",-0.100799874847961,-0.290554344671425,-0.181336129729775,0.57167986259263,-0.443395078258531,-0.47637937206133,-0.421018589738089,"Glycyrrhiza glabra","2"
"129",1.21913560677491,0.855755541025071,0.443351662046149,0.421356940424158,-0.175732006083205,-0.205302581720127,-0.778123066507774,"Grewia flava","1"
"130",1.5148481553284,0.688277356066687,0.269836450507698,0.356990206870664,-0.244462344542167,0.53444466018939,-0.639342837705504,"Grewia flavescens","1"
"131",-0.443513093370219,-0.28561565701675,-0.411615091220565,-0.923170493022968,-0.414084684291321,0.543657227187611,-0.762394900000728,"Gutierrezia baccharoides","3"
"132",-0.521847543318164,-0.29366328903109,-0.455173445905982,-1.10701378665248,-0.604098351592267,-0.51768787008118,-1.23066184854016,"Haloxylon ammodendron","3"
"133",-0.316219612204809,-0.291704006387759,-0.290274499340881,-0.486411490511521,-0.487918593275374,0.207735152240833,0.000782448165212637,"Haplophyllum acutifolium","3"
"134",-0.600181993266109,-0.232585486298515,0.0807583174706232,-0.319647826026502,-0.31044470979175,1.29696161928372,0.829594464140468,"Hedera helix","3"
"135",-0.561014768292136,-0.295169183955302,-0.214577028993397,0.0332312476532089,-0.0882368942549105,-0.750801361972848,-0.546725937909123,"Hedysarum boveanum","2"
"136",-0.394554062152754,-0.230642396073724,-0.426689278634831,-0.334320533220377,-0.593710392744702,0.867984015007589,-0.0615403783428329,"Helianthemum almeriense","3"
"137",-0.585494283900869,-0.300431719980776,-0.429003630646549,-0.299789525002572,-0.604935590064049,0.529320425292125,0.00423131069328344,"Helianthemum apenninum","3"
"138",-0.547959026634146,-0.293846803107875,-0.431157526531135,0.357041524798431,-0.595087701753516,-0.346487044769898,-0.135534559376195,"Helianthemum asperum","2"
"139",-0.639349218240081,-0.300593644166175,-0.405234111817138,-0.0376170544244098,-0.564562090424778,-0.428125112052224,0.769776232425019,"Helianthemum frigidulum","2"
"140",-0.554486897463141,-0.29761423915483,-0.437847749039649,0.50144725647892,-0.615430670318151,-0.462723020532989,0.0518491110344004,"Helianthemum hirtum","2"
"141",-0.580598380779123,-0.298542604484452,-0.456394611997568,1.44570158329634,-0.666216917916704,-0.637696592752889,0.234883412498844,"Helianthemum small","2"
"142",-0.492472124587685,-0.301727113463969,-0.305818133977379,-0.6982049539938,-0.539910068755637,-0.900744944009656,0.404994136282415,"Helianthemum squamatum","3"
"143",-0.198717937282892,-0.270653862285864,7.7008595834106,-0.525591978372597,1.29206073400051,-0.145803227006974,1.38085536628073,"Helleborus foetidus","1"
"144",-0.438617190248473,-0.293064169545113,-0.28178256426893,-1.20302334980144,-0.366880784587332,-1.60755787073101,4.224298446119,"Hereroa fimbriata","2"
"145",-0.607525847948729,-0.298391475244746,-0.328530417020178,-0.852088281037878,-0.509676457274616,-1.60799626735567,5.00504970068439,"Hereroa latipetala","2"
"146",-0.507159833952924,-0.278750071555824,-0.424183883135005,-0.344666194039086,-0.634980329569406,-0.0271853126633951,-1.01677200046615,"Hermannia cuneifolia","3"
"147",-0.543879107366024,-0.177187174368816,-0.0192061128912296,-0.484090512294768,-0.316491432134468,0.493341599617141,-0.602261067355542,"Hermannia tomentosa","3"
"148",-0.629557411996588,-0.300715087305224,-0.338814577894148,-0.418022272859944,-0.391145195852869,0.579431532633989,-1.00038411598927,"Hippocrepis bourgaei","3"
"149",-0.316219612204809,-0.258979128518583,-0.37584075269197,0.12034856597632,-0.295250382001528,0.173468411355924,0.536554693196131,"Hormathophylla spinosa","3"
"150",0.0950362500219003,-0.186922866015943,-0.282887848261113,1.02600264543898,1.39504106602971,-0.213411964305742,3.25688597696061,"Hyparrhenia hirta","2"
"151",0.413269952935426,-0.296869387901994,-0.388049240624082,0.270487790481229,-0.531944674961599,-0.364265440396586,0.170700857365411,"Hypericum elongatum","2"
"152",-0.492472124587685,-0.299945947424578,-0.441573179827582,-1.56991107788141,-0.525490961741612,-0.210587575455868,-0.962431143859816,"Hypertelis bowkeriana","3"
"153",-0.515319672489169,-0.236606603569261,0.208219244547569,-0.643601427571532,-0.172458929890824,0.49669426492811,-0.612262872261625,"Indigofera alternans","3"
"154",-0.237885162256865,-0.270726728169294,0.365416217229012,-0.536904503768606,-0.128887996759687,-0.00343396296325057,-0.849603732744399,"Indigofera heterotricha","3"
"155",-0.507159833952924,-0.273384308862158,-0.45664539987763,0.29275492145991,-0.651169759005795,-0.478355409190174,-1.09866770428679,"Indigofera sessilifolia","2"
"156",-0.296635999717823,-0.282425750564386,1.69895812434131,-0.398860362255629,0.391351612756259,0.784650270027449,0.326995646314187,"Inula oculus-christi","3"
"157",-0.394554062152754,-0.270783401634184,0.412735549095271,-1.41745967490588,0.314073172462129,0.806193494547545,-1.01822850466785,"Ipomoea bolusiana","3"
"158",-0.335803224691795,-0.283672566791959,6.90895613821282,-1.52543971399908,0.535476235000068,4.21365963625558,-1.1258019117785,"Ipomoea dichoroa","1"
"159",-0.557750832877639,-0.298100011711027,-0.339784895791905,-0.564424890833761,0.39523509959214,-0.120725899890644,-0.0762409956978668,"Iris sisyrynchium","2"
"160",-0.277052387230837,-0.198613792201764,-0.44968500281973,2.17831664393466,-0.487815230511416,-1.10053064468658,2.60032812645424,"Juniperus communis","2"
"161",-0.492472124587685,-0.292578396988915,-0.451671701581689,0.0542913697792462,-0.631479150502771,0.726345072813386,-0.95050615960624,"Juniperus formosana","3"
"162",3.18924702296572,1.58373834184739,-0.424208574736365,0.994693393513749,-0.513436278197316,-0.152268266920188,2.48703044215981,"Juniperus oxycedrus","1"
"163",-0.453304899613712,-0.289939032766908,-0.437293485260917,-0.628856659219659,-0.498955153510962,0.14467761490874,-1.00229862815918,"Kochia prostrata","3"
"164",-0.639349218240081,-0.301953807323528,-0.435570488420066,2.64647227796575,-0.12594215770781,-1.22576746883601,0.316156515612093,"Koeleria vallesiana","2"
"165",-0.296635999717823,-0.287790838573945,-0.171998867456011,-1.06258016057892,3.98830971029412,0.103538631502508,0.191172830197536,"Lapeirousia bainesii","1"
"166",0.935499619255057,0.672624684811432,-0.424958762509201,0.992929721541865,-0.634287664739233,-0.811873558127698,0.237180208867487,"Larrea cuneifolia","1"
"167",1.57686292820385,0.826182787298332,-0.430230715262966,0.813172165520854,-0.639248742296757,-0.553102261982328,-0.444378038112491,"Larrea divaricata","1"
"168",-0.084480197775473,-0.167751042464678,0.613848129549712,-1.63633518081148,0.630621668634414,2.18537615077383,-0.458754375411436,"Launaea lanifera","3"
"169",-0.273788451816339,-0.255740644810599,-0.285273420375219,-1.0662109305225,-0.296865425339537,0.781247406483079,0.86072296531928,"Lavandula latifolia","3"
"170",-0.509607785513798,-0.296586020577545,-0.246745447027817,-1.20977910862245,-0.432667960338823,2.55215269854233,0.571447232385793,"Lavandula multifida","3"
"171",-0.051840843630496,-0.199876800847878,-0.0298344076999637,-0.242075310666611,-0.51153698721191,0.530516761437141,-0.519419940854458,"Lavatera maritima","3"
"172",-0.656974469478369,-0.302936687128901,-0.44332088369955,-0.310183191360617,-0.601074990444165,-0.66286190609761,-1.1468383785595,"Limeum aethiopicum","2"
"173",-0.492472124587685,-0.301322303000471,-0.448991506370634,-0.557659854294092,-0.62363391593385,4.08664480467332,-0.629049594526577,"Linum appressum","3"
"174",-0.281948290352583,-0.285113692042012,0.288323049464667,-0.916724543943755,-0.237108821461103,4.8379730628106,0.205557750481904,"Lonicera arborea","3"
"175",0.483444564347126,-0.187826942717755,-0.458129038659747,-0.957857883746236,-0.636050105511583,0.589421575467479,-1.3006786881035,"Lycium chilense","3"
"176",-0.404345868396247,-0.287834018356719,-0.455932154070932,-1.31392758851062,-0.635665342861682,0.370985403216875,-0.994975081012268,"Lycium cinereum","3"
"177",0.682544624631485,-0.0703374525285247,-0.457406354266625,-1.29122811908096,-0.569678547752335,0.975034600892672,-1.44458887719645,"Lycium gilliesianum","3"
"178",-0.345595030935289,-0.260112597816377,-0.442409421141856,-1.86567553885688,-0.554794308253986,0.83792860265913,-0.66014857857413,"Lycium intricatum","3"
"179",0.0460772188044349,-0.160367299610475,-0.45412323226058,-0.657897321436637,-0.640285658872627,0.333758162747013,-1.15265722504224,"Lycium schizocalyx","3"
"180",-0.518583607903666,-0.301052429358139,-0.436356634795456,-0.220653545981907,-0.421742299749934,-0.19938944633147,-1.09198150995015,"Matthiola fruticulosa","3"
"181",-0.629557411996588,-0.301192763652152,-0.165292118376064,-1.0387775901549,-0.247806868600541,-0.305711605431251,-0.698945902746681,"Matthiola longipetala","3"
"182",-0.299899935132321,-0.300442514926469,-0.443303866608006,-0.1192132098246,-0.640779216130218,0.910620932548508,-0.599870032002282,"Medicago sativa","3"
"183",-0.54143115580515,-0.297727586084609,0.358232868508639,-1.03453869667928,-0.10826712330352,1.56552918628481,-0.803996214773779,"Melhania burchellii","3"
"184",-0.110591681091454,-0.282862945864963,-0.192984442684414,-0.250522445201206,0.761065489896918,1.45207448297004,-0.357394567112269,"Melinis repens","1"
"185",-0.453304899613712,-0.230226019596983,-0.331473952505294,-1.12060407427704,-0.13830139229126,1.34887260937882,-0.582572599289641,"Merremia tridentata","3"
"186",-0.600181993266109,-0.30164615137127,-0.455752901109006,-0.165153688959842,-0.659681683468913,-0.600364559740787,-0.725133675392019,"Monsonia camdeboensis","2"
"187",-0.466360641271703,-0.262811334239697,-0.428125324780659,-0.679162008029851,-0.600594353543697,-0.0450438665740644,-0.89277855190751,"Monsonia crassicaulis","3"
"188",0.927339780718813,0.752561257670166,-0.354147841285467,1.5445623299945,-0.121942018342628,-1.60042140004249,1.44181355756254,"Monttea aphylla","2"
"189",-0.384762255909261,-0.255975434879428,-0.365806243816911,0.0348731480295681,-0.521759565599931,-1.12077912782977,1.21222612645927,"Mulinum spinosum","2"
"190",0.0460772188044349,-0.232990296762013,-0.139049977917658,0.384824378362393,0.381982515173345,0.323088563366635,-0.842556838485595,"Mundulea sericea","1"
"191",-0.641797169800954,-0.302731043413444,-0.399990489782643,0.234356794507307,-0.493443333571729,-0.73270183254935,0.423815096301525,"Nassauvia darwinii","2"
"192",-0.166078583137915,-0.234463806849145,-0.36799739281097,0.246918933076274,2.44596484681145,-0.145155331837117,-0.155227872038021,"Nassella longiglumis","1"
"193",-0.352122901764284,-0.286325424696083,-0.430341567842587,0.0739863013498006,0.954243794818437,0.125411057809305,-0.636018948486055,"Nassella tenuis","1"
"194",-0.291740096596077,-0.277389908398471,1.89846045566836,-0.956662000384067,0.450201946362488,1.73381745363012,-1.04835279470973,"Neorautanenia amboensis","3"
"195",-0.347226998642537,-0.244427541724042,-0.450207451714635,0.636325555417082,-0.493716843984575,-0.961905492162563,-0.718595501503577,"Noaea mucronata","2"
"196",0.266392859283029,-0.272094987535917,1.12396849577135,0.96817268014782,-0.0275666372734101,-0.448518951445193,-0.181268601859092,"Ochna pulchra","1"
"197",5.1867754966383,7.63077680505702,-0.130668943953644,1.0928835605675,-0.286877997283707,-0.953746346849147,1.7193717394986,"Olea europaea","1"
"198",0.065660831291421,-0.229832775146728,-0.264711255690337,-0.936460297476387,-0.485437886661307,0.437342285160605,-0.850607372893012,"Onobrychis sintenisii","3"
"199",-0.531639349561657,-0.302828197924684,-0.0904535835074283,-1.16920227844397,-0.469830107815254,0.660304241293076,-1.12710479677258,"Onobrychis verae","3"
"200",-0.198717937282892,-0.0541450339886056,-0.442920298300217,0.715040134951379,-0.658053719773781,-0.57427237145903,1.54336351678896,"Origanum syriacum","2"
"201",-0.28684419347433,-0.245231765178191,-0.435702360169102,-0.950373230431186,-0.595725966874446,-0.413098430590307,-1.04484079210734,"Osteospermum sinuatum","3"
"202",-0.570806574535629,-0.302261463275787,-0.447748941277181,-2.38304653450816,-0.596098072861904,0.477691381573425,-1.05613848439701,"Othonna sedifolia","3"
"203",0.653169205901006,0.19044684552972,0.475692631791504,0.275827408041784,-0.199433090230907,-0.104479382581604,0.245984634418567,"Ozoroa schinzii","2"
"204",0.792702444870783,0.554212226765427,-0.183101415289342,0.377530972345168,-0.314531230933921,-0.174465163430098,-0.822009135436484,"Paliurus spina-christi","1"
"205",0.731503655848951,-0.248858866931133,0.766623953671292,-0.448438166941306,4.57747752377043,2.75770321062524,-0.866352222511819,"Panicum maximum","1"
"206",-0.263996645572846,-0.277514050273944,-0.439264296844813,1.35424927440979,2.95145803342904,-0.260671172362233,1.03564422050641,"Pappostipa humilis","1"
"207",-0.156286776894422,-0.242624785793264,-0.413863319652482,0.656964320802261,4.61959785434695,-0.930762549323907,0.588681014796601,"Pappostipa speciosa","1"
"208",-0.665460701556063,-0.303065686729936,-0.458112741560605,0.722434823216321,-0.66192982380981,0.108058981947218,0.990536967767744,"Paronychia argentea","2"
"209",-0.54143115580515,-0.303216815969642,-0.454611111043648,-0.878048348180223,-0.634331963073288,-0.454287974955394,-0.879224878030824,"Pelargonium karooicum","3"
"210",1.46588912411093,0.311803625013567,0.339562997920434,1.43213298226397,1.34945808256602,0.0060009698744326,-0.143852332840318,"Peltophorum africanum","1"
"211",-0.472888512100699,-0.2914773125282,-0.45790819432808,0.157937796527874,-0.576915047438465,-0.129304921618463,-0.305800866959357,"Pentzia incana","2"
"212",-0.316219612204809,-0.29353374968277,-0.0921623798571403,-0.0948361708334378,-0.147105685744524,-0.538029434183176,-0.383979501391521,"Perovskia abrotanoides","2"
"213",-0.394554062152754,-0.288935102817433,-0.441448379347652,-1.39841915377814,-0.412463768051025,-0.06068808821047,-0.609857091863142,"Petrosimonia sibirica","3"
"214",-0.394554062152754,-0.290532754780039,0.51242113565173,0.503645468943211,-0.0521066826071772,0.110683393608792,0.381750343194283,"Phlomis herba-venti","2"
"215",-0.350490934057035,-0.275762570335209,-0.0335931972280052,-0.0736487277084194,0.0111035915074867,-0.232343651194781,-0.305541616546789,"Phlomis lychnitis","2"
"216",-0.392922094445505,-0.276062130078197,-0.43006803552711,-1.84979438759748,-0.561168346015903,-0.625875948261889,-0.892445758237523,"Phyllobolus splendens","3"
"217",2.08603685286549,6.65923169266187,-0.206452892924395,1.00681707195657,-0.255556615656623,-1.08360120816117,1.22225880411854,"Pistacia lentiscus","1"
"218",0.0362854125609418,-0.255740644810599,2.72510318091801,0.332622232518265,-0.188786724488952,-0.936945139534006,0.14958988057984,"Pistacia vera","1"
"219",-0.608341831802353,-0.301454541085214,-0.330244899183639,-0.591626595873146,-0.303639993831171,-0.0586595569629204,-0.470617025833132,"Plantago albicans","3"
"220",-0.351190348788713,-0.290628367156179,-0.43114105971404,1.95607065419319,-0.17557583274311,-0.804429443737119,-1.16476177688501,"Poa bulbosa","2"
"221",-0.444601071841719,-0.303060289257089,-0.388948176908218,-0.242452533316024,3.57434179924629,-0.591857413406417,-0.252747680404032,"Poa lanuginosa","1"
"222",-0.397817997567252,-0.285144997384523,-0.368176658626342,0.584817560386907,1.27702887373114,-0.743178758238831,2.49270858670411,"Poa ligularis","2"
"223",-0.526743446439911,-0.290372179962851,-0.439930503104206,-0.919798136526654,-0.573384103203026,0.284114379313251,-0.792976799372972,"Portulaca oleracea","3"
"224",-0.120383487334948,-0.302050961834768,-0.218812455223259,-0.339164679802275,-0.338042570559281,1.44699728026962,0.0246942514358515,"Potentilla recta","3"
"225",0.682544624631485,0.505464950751,0.301443869849856,0.630395581690028,0.233946349841754,-0.906020901891396,-0.822703525537339,"Prosopis flexuosa","1"
"226",-0.198717937282892,-0.299864985331879,0.189346360896193,-0.642726714541944,-0.330600450810106,3.68268651463048,0.157640907268237,"Prunus spinosa","3"
"227",-0.277052387230837,-0.294472909958086,-0.132116736612906,0.574059132084218,-0.111057918209461,0.0131200941648305,-0.264016992290172,"Psydrax livida","2"
"228",-0.0616326498739891,-0.155833422419298,-0.446741695765675,0.901617633472031,-0.528591844939426,-1.27506614924004,-0.280984581249161,"Pteronia pallens","2"
"229",-0.316219612204809,-0.25157919324584,-0.44658317033484,0.904200153977851,-0.592366676720224,-0.86277160009447,0.610911390280261,"Pteronia viscosa","2"
"230",6.49234966243738,0.0608211376448203,1.96898890137358,1.19496555864308,0.48795519951836,1.07373575587368,-0.0846121706242062,"Quercus castaneifolia","1"
"231",-0.296635999717823,-0.291363965598421,-0.05887511262941,1.13438598453335,-0.411300936840217,0.0461755435742319,0.368895033668779,"Quercus faginea","2"
"232",5.1867754966383,4.85782513009587,0.0178938692053482,1.10208768505409,-0.373553115958877,-0.572380282226635,2.16648331413995,"Quercus ilex","1"
"233",-0.565910671413883,-0.297428026341621,-0.325232693012062,-0.551050333691821,-0.480884756494998,0.545090719392843,-0.394856782799946,"Requienia sphaerosperma","3"
"234",0.535667530979089,-0.0420007200836662,-0.127025679795031,-0.409978947386681,0.358725890957175,0.225526633760202,-1.09275539588724,"Retama sphaerocarpa","1"
"235",2.73882393576503,2.66577647025431,-0.407242369106096,0.843576252774219,-0.568748282783688,-0.446673566039051,-0.0759752968583084,"Rhamnus lycioides","1"
"236",-0.198717937282892,-0.230642396073724,-0.373466545984744,0.709338187018041,-0.572841448645734,0.836548311047361,0.177243718899257,"Rhamnus myrtifolia","3"
"237",-0.051840843630496,-0.0527403416802676,-0.412457101324516,0.530976600910371,-0.372586409720613,-0.282000626824953,-0.659843654915003,"Rhamnus pallasii","2"
"238",-0.622213557313968,-0.293104650591462,-0.412773644353272,-1.02753732798657,-0.626026025833293,-1.49500181035956,0.414986634809723,"Rhinephyllum graniforme","3"
"239",-0.105695777969708,-0.204750718828394,-0.0429376780046644,-0.511289291857353,-0.19710742780929,1.33104678847372,-0.697556871996918,"Rhynchosia minima","3"
"240",-0.360282740300528,-0.291404446644771,-0.38049740604707,1.46120698014983,-0.534119169325811,-0.108113087956968,-0.384308289143069,"Rosa persica","2"
"241",-0.179134324795906,-0.269402997953656,0.154602995050417,0.28756954718634,-0.333701334031177,1.80454875154072,0.295974355717039,"Rosa pouzinii","3"
"242",-0.476152447515196,-0.276488530433082,-0.452370866288151,0.78147535430469,-0.610623126729917,-0.359177707965943,-0.349433245745728,"Rosenia humilis","2"
"243",-0.639349218240081,-0.30154899686003,-0.405655622411454,-1.1239196825004,-0.587043493864751,-1.44239970736268,0.0676401572190685,"Ruschia approximata","3"
"244",-0.467176625125328,-0.269782170421132,-0.421972097726924,-1.18716458553143,-0.628966501364971,-1.31834839197188,0.197279539360411,"Ruschia spinosa","3"
"245",-0.37170651425127,-0.272575362619268,-0.43375501719802,-0.54202668657751,-0.555042378881283,-1.35308878926797,-0.275035378575636,"Salsola arbusculiformis","3"
"246",0.437749468544158,-0.12539167556425,-0.0149897078693664,0.174356997179875,-0.406417045754821,-0.739525205999328,1.27931806816456,"Salvia dominica","2"
"247",0.0460772188044349,-0.284077377255457,1.91606680389812,-0.740240352294423,0.240582239939031,0.584250920778166,-0.254581655914709,"Salvia virgata","3"
"248",0.168474796848098,0.579788151849229,-0.40302649223721,1.27424605246124,-0.491164184398545,-0.592198536603509,1.44923701005886,"Sarcopoterium spinosum","2"
"249",-0.492472124587685,-0.292967015033873,-0.0149292816826579,-0.544756321585028,-0.499094693256259,0.903537985808261,-0.15331022217952,"Scabiosa columbaria","3"
"250",-0.0861121654827218,-0.302569119228045,-0.43117875369779,1.14350261478984,-0.483536011655641,-0.22919824094311,0.759303862707797,"Scabiosa rotata","2"
"251",0.290872374891762,-0.0615287768428087,-0.41825583635894,0.910848332065011,-0.569678547752335,-1.0303172054547,0.0538125323299538,"Schinus johnstonii","2"
"252",-0.117935535774074,-0.224934568538403,-0.217995717570901,0.0553864734772704,1.14666680869687,1.29787860609093,-0.0748200927452893,"Schmidtia pappophoroides","1"
"253",-0.658932830727067,-0.300787953188654,-0.298674817408963,-1.63484005685869,0.364927657414821,0.342485960388074,-0.108015203297783,"Scorzonera undulata","3"
"254",-0.433721287126726,-0.257983294778378,-0.450238940240844,-1.95011025518669,-0.618579476255364,-0.406262165423578,-0.771626238098886,"Senecio acutifolius","3"
"255",-0.587126251608118,-0.296993529777466,-0.413133213159696,-2.43307417739756,-0.573831516349076,-0.294513941939247,-0.281029122986185,"Senecio radicans","3"
"256",-0.355386837178782,-0.21153534219662,-0.371227474940002,1.01810727150222,-0.0553164412881442,-1.42697503135382,0.0558188364100228,"Senna aphylla","2"
"257",-0.575702477657376,-0.218279484518496,1.11080735972015,-0.769092695281013,-0.155209724787579,-0.0661239991693658,-0.928708972325879,"Senna italica","3"
"258",-0.580598380779123,-0.302633888902205,-0.377806265901711,2.92631085774388,-0.59084207578905,0.212960165134518,-0.466706639880162,"Sida fibulifera","2"
"259",-0.169342518552413,-0.277902668318902,-0.100728845768196,-0.439341642618351,-0.198399462498302,0.301401029495691,-0.758167614789605,"Silene sp.","3"
"260",-0.443513093370219,-0.293825213216489,3.96060791008477,-0.920650116716819,0.386633840016579,1.06798263088335,-0.940981534673532,"Solanum delagoense","1"
"261",-0.330907321570049,-0.29366328903109,-0.330125922645162,-0.505568807916486,-0.53147123655999,0.635054502661177,-1.27140830974593,"Sphaeralcea mendocina","3"
"262",-0.419033577761487,-0.274863891106243,-0.362463929948467,0.363983940956217,-0.331995848263077,0.416857488016866,-0.192650864341943,"Stachys turcomanica","2"
"263",-0.482680318344192,-0.290886289251493,-0.36524227343786,1.62483971154089,0.226500632652516,-0.522167979355636,-0.346407924155431,"Stipa barbata","2"
"264",-0.433721287126726,-0.287963557705038,-0.414212268027278,1.17700468806383,0.460124772539677,-0.478189558694155,0.338918397120686,"Stipa glareosa","2"
"265",-0.249308936207606,-0.292675551500155,-0.396972713833351,2.12764372648373,0.356094460208146,-1.25301988605626,0.897695084234164,"Stipa lessingiana","2"
"266",-0.515319672489169,-0.294173350215097,-0.0257313692868769,1.37540861793183,0.395778861467081,-0.564460034737848,-0.0035731221403392,"Stipa parviflora","2"
"267",0.149870364985461,-0.0622412432585652,0.20221174626032,1.78869089645158,3.64217361979927,-1.11182449083562,2.31119180267602,"Stipa tenacissima","1"
"268",0.013437864659458,-0.218228208526453,-0.421042810633938,0.99690246074695,0.582717721207372,-1.24650872858536,0.37896421427058,"Stipagrostis amabilis","2"
"269",-0.345595030935289,-0.301889037649368,-0.379545746837665,1.00598350860464,0.675015980297089,-0.885593410691562,0.881814761186366,"Stipagrostis obtusa","2"
"270",0.0819805083639095,-0.190710092796668,-0.382025446387329,0.2416853973502,1.6420351734434,0.33516848407459,0.0485970367551778,"Stipagrostis uniplumis","1"
"271",-0.49899999541668,-0.260938411161913,-0.137790989717393,-2.0804649237397,-0.406106957431939,0.460536513040459,-0.286977838303538,"Talinum caffrum","3"
"272",2.29819265480784,1.58128923854323,0.264441902220871,0.310059807784393,0.130810973638708,-0.246402660169722,-0.130470204111297,"Tarchonanthus camphoratus","1"
"273",-0.678516443214053,-0.300755568351574,-0.440888548883758,-1.06228905070243,-0.487815230511416,0.508254590641175,-0.941164936791146,"Telephium imperati","3"
"274",-0.602979652192821,-0.269534272203961,0.114632063423758,-0.602930721313821,-0.313755482760612,1.14153830715248,-0.873574871288147,"Tephrosia burchellii","3"
"275",2.87917315858843,2.95261436974329,0.520227472942133,0.340527877294361,-0.0339019139794626,-0.350812328980414,0.100432062538971,"Terminalia sericea","1"
"276",-0.521847543318164,-0.299379212775681,-0.441659168371054,-0.0850637778216379,-0.638518155432198,0.457491962852774,-0.386087052197713,"Tetraglochin caespitosum","3"
"277",-0.505527866245675,-0.298197166222267,-0.438884614737144,-1.26588119223915,-0.604098351592267,-0.667635960989751,-1.27682033560414,"Tetragonia spicata","3"
"278",-0.525111478732662,-0.293445590959608,-0.426695091927536,0.670180112484497,-0.503831292388285,-0.46774953863335,0.0986361551229391,"Teucrium capitatum","2"
"279",-0.394554062152754,-0.293307055823211,-0.328068532570844,0.203952977975506,-0.538359627110217,0.526534735928991,0.672959695577483,"Teucrium chamaedrys","3"
"280",-0.590390187022616,-0.294359563028306,-0.447853462316642,1.05590261157684,-0.636254510675158,-0.394207452940431,0.366304964216279,"Teucrium gnaphalodes","2"
"281",-0.531639349561657,-0.29473846562214,-0.421035012646722,0.689390216017555,-0.582077650826468,0.675498303267918,0.570190673700978,"Teucrium polium","3"
"282",-0.312955676790312,-0.182021960671194,-0.457941423147203,0.814220218070203,-0.683687687809052,-1.10366709472515,0.620956078641768,"Thymelaea hirsuta","2"
"283",-0.66872463697056,-0.303184431132562,-0.441400310569072,-0.823569024666278,-0.618982591090616,2.6579591623424,-0.55932359109325,"Thymelaea pubescens","3"
"284",-0.340699127813542,-0.284579342230195,-0.43510754167837,-0.488441608848259,-0.596268621431737,1.2662189617291,0.60629931804486,"Thymus mastichina","3"
"285",-0.466593779515596,-0.263206506358826,-0.45773074193536,0.218309864132057,-0.663361557975044,0.00272581528494943,0.7536822940947,"Thymus zygis","2"
"286",-0.277052387230837,-0.284555053602385,-0.251566660394335,-2.02395960164946,4.956560498494,-0.829711492440589,-0.224593243668687,"Trachyandra revoluta","1"
"287",-0.404345868396247,-0.284012607581298,-0.254485896690967,-0.868276996604486,2.15413728044551,0.0379649458813631,-0.397352531963708,"Trachyandra saltii","1"
"288",-0.66872463697056,-0.287963557705038,-0.432047032751415,-1.24618475032725,-0.604098351592267,1.02454853641011,-1.32725967214708,"Tribulus terrestris","3"
"289",-0.629557411996588,-0.300124064028517,0.549153387022266,-0.800655356190543,0.0238305022443259,-0.0784723676774631,0.167007556523243,"Trichocline sinuata","3"
"290",-0.438617190248473,-0.289825685837129,-0.40862841294779,-2.17241799498092,-0.541718917310952,-0.469947260705531,0.0164811987943218,"Trichodiadema setuliferum","3"
"291",-0.567542639121132,-0.290316855866173,-0.43675550987139,-1.94323487046522,-0.628420904418345,-0.699851574843489,-0.792078231154422,"Trichodiadema sp.","3"
"292",0.202746118700324,-0.151170005879801,-0.0601442510799923,-0.282716684622258,3.682872711945,1.50417589704986,-0.138470375695427,"Triraphis schinzii","1"
"293",-0.0551047790449936,3.10715481228828,5.9658071131126,-0.597548459093034,0.140207757271477,0.214191560440528,-0.848442157110007,"Tylosema esculentum","1"
"294",-0.435353254833975,-0.262565749225175,3.92015515439367,-0.290297833983221,1.647142872533,-0.901242918362095,1.97579767154541,"Verbascum cheiranthifolium","1"
"295",-0.526743446439911,-0.288255021238757,2.19776057059073,-0.106726875884055,0.321980424695627,-0.858553393533504,2.09075277237357,"Verbascum speciosum","1"
"296",-0.609973799509602,-0.300399335143696,0.302996776013756,-0.383116320457942,-0.394788733646736,1.21183181573267,0.0939904783634618,"Viola odorata","3"
"297",-0.459832770442708,-0.298116204129567,-0.117468713696067,-1.35479197226868,0.61920008217828,1.62845723773807,-0.27564733555171,"Walleria nutans","3"
"298",-0.3292753538628,-0.286263353758346,-0.43711627459168,1.74885468080879,-0.541977324251855,-0.362505684555373,0.494016730603406,"Ziziphora clinopodioides","2"
"299",2.8612215138087,1.49911271445314,0.255909318706067,0.278481911986493,-0.301762236782055,-0.0830821532229134,-1.17104652255869,"Ziziphus mucronata","1"
"300",0.372470760254204,-0.164388416881222,-0.0333288213628636,-0.311538606406552,-0.458135348182829,-0.784303776170382,-1.11464299809171,"Zygophyllum atriplicoides","3"
